timestamp,imu_id,accel_x,accel_y,accel_z,roll,pitch,yaw
0.0,0,0.713,-0.073,-0.716,-173.3,-44.0,-161.4
0.0,2,0.207,-0.99,-0.112,-95.2,-11.7,-59.0
0.0,5,0.975,-0.104,0.207,-26.6,-75.5,55.7
0.038,0,0.683,-0.063,-0.707,-173.9,-44.1,-161.0
0.038,2,0.136,-0.98,-0.093,-95.3,-11.4,-59.4
0.038,5,0.984,-0.069,0.235,-23.7,-75.4,52.9
0.078,0,0.675,-0.053,-0.72,-174.5,-44.0,-160.5
0.078,2,0.157,-0.973,-0.089,-95.4,-11.1,-59.2
0.078,5,0.983,-0.079,0.226,-22.0,-75.4,51.2
0.116,0,0.715,-0.038,-0.739,-175.0,-44.1,-160.2
0.116,2,0.209,-0.976,-0.108,-95.6,-11.3,-58.6
0.116,5,0.976,-0.087,0.199,-21.1,-75.5,50.4
0.154,0,0.752,-0.03,-0.738,-175.6,-44.4,-159.7
0.154,2,0.225,-0.98,-0.12,-95.8,-11.6,-58.3
0.154,5,0.971,-0.095,0.208,-21.0,-75.6,50.3
0.192,0,0.734,-0.027,-0.716,-176.2,-44.8,-159.3
0.192,2,0.219,-0.979,-0.116,-96.0,-11.8,-58.4
0.192,5,0.977,-0.089,0.214,-20.9,-75.6,50.2
0.23,0,0.71,-0.029,-0.7,-176.6,-45.0,-159.0
0.23,2,0.168,-0.986,-0.108,-96.0,-11.6,-58.5
0.23,5,0.977,-0.08,0.21,-20.6,-75.7,50.0
0.268,0,0.716,-0.035,-0.697,-176.8,-45.2,-158.9
0.268,2,0.164,-0.977,-0.111,-96.1,-11.3,-58.6
0.268,5,0.973,-0.083,0.215,-20.3,-75.7,50.0
0.306,0,0.716,-0.04,-0.697,-176.8,-45.3,-158.9
0.306,2,0.181,-0.975,-0.117,-96.1,-11.1,-58.4
0.306,5,0.978,-0.081,0.214,-20.1,-75.7,50.0
0.344,0,0.72,-0.04,-0.705,-176.8,-45.3,-158.9
0.344,2,0.189,-0.978,-0.124,-96.2,-11.0,-58.0
0.344,5,0.977,-0.083,0.22,-20.0,-75.7,50.1
0.384,0,0.73,-0.042,-0.713,-176.8,-45.3,-158.9
0.384,2,0.202,-0.974,-0.116,-96.3,-11.1,-57.6
0.384,5,0.978,-0.081,0.212,-20.1,-75.7,50.5
0.423,0,0.73,-0.045,-0.718,-176.7,-45.3,-158.9
0.423,2,0.202,-0.978,-0.107,-96.3,-11.2,-57.3
0.423,5,0.977,-0.073,0.231,-19.8,-75.7,50.5
0.462,0,0.728,-0.047,-0.723,-176.6,-45.2,-159.0
0.462,2,0.205,-0.974,-0.107,-96.3,-11.3,-57.0
0.462,5,0.978,-0.074,0.207,-19.8,-75.8,50.8
0.5,0,0.726,-0.052,-0.721,-176.4,-45.1,-159.0
0.5,2,0.211,-0.968,-0.109,-96.3,-11.3,-56.9
0.5,5,0.973,-0.076,0.222,-19.8,-75.8,51.1
0.538,0,0.723,-0.054,-0.719,-176.1,-45.0,-159.1
0.538,2,0.211,-0.963,-0.113,-96.3,-11.4,-56.7
0.538,5,0.978,-0.072,0.217,-19.7,-75.8,51.3
0.579,0,0.716,-0.058,-0.721,-175.9,-44.9,-159.2
0.579,2,0.21,-0.965,-0.116,-96.3,-11.5,-56.5
0.579,5,0.98,-0.07,0.221,-19.5,-75.9,51.3
0.616,0,0.718,-0.06,-0.723,-175.7,-44.8,-159.2
0.616,2,0.219,-0.962,-0.116,-96.3,-11.6,-56.2
0.616,5,0.975,-0.075,0.214,-19.5,-75.9,51.5
0.654,0,0.721,-0.061,-0.726,-175.6,-44.7,-159.2
0.654,2,0.222,-0.959,-0.115,-96.4,-11.8,-56.0
0.654,5,0.976,-0.076,0.219,-19.6,-75.9,51.7
0.693,0,0.717,-0.06,-0.726,-175.4,-44.6,-159.2
0.693,2,0.218,-0.96,-0.112,-96.4,-11.9,-56.0
0.693,5,0.981,-0.075,0.218,-19.6,-75.9,51.8
0.731,0,0.713,-0.06,-0.729,-175.3,-44.4,-159.3
0.731,2,0.214,-0.966,-0.111,-96.3,-11.9,-56.0
0.731,5,0.979,-0.079,0.216,-19.7,-75.9,52.0
0.771,0,0.714,-0.063,-0.731,-175.3,-44.3,-159.3
0.771,2,0.208,-0.963,-0.11,-96.3,-11.9,-56.0
0.771,5,0.975,-0.078,0.212,-19.9,-76.0,52.2
0.809,0,0.714,-0.064,-0.73,-175.2,-44.3,-159.3
0.809,2,0.202,-0.961,-0.11,-96.3,-11.9,-56.0
0.809,5,0.978,-0.081,0.214,-20.0,-76.0,52.3
0.847,0,0.712,-0.068,-0.728,-175.1,-44.2,-159.4
0.847,2,0.197,-0.966,-0.113,-96.3,-11.7,-56.0
0.847,5,0.98,-0.085,0.209,-20.2,-76.0,52.6
0.886,0,0.71,-0.07,-0.729,-175.0,-44.1,-159.4
0.886,2,0.197,-0.969,-0.115,-96.3,-11.6,-56.0
0.886,5,0.979,-0.084,0.209,-20.5,-76.1,52.9
0.924,0,0.71,-0.068,-0.727,-175.0,-44.1,-159.4
0.924,2,0.199,-0.97,-0.108,-96.3,-11.6,-55.9
0.924,5,0.979,-0.086,0.21,-20.7,-76.1,53.2
0.961,0,0.709,-0.063,-0.727,-175.0,-44.1,-159.4
0.961,2,0.202,-0.969,-0.105,-96.3,-11.6,-55.9
0.961,5,0.98,-0.086,0.211,-21.0,-76.1,53.5
1.002,0,0.709,-0.061,-0.727,-175.0,-44.1,-159.3
1.002,2,0.201,-0.969,-0.106,-96.2,-11.6,-55.9
1.002,5,0.979,-0.087,0.21,-21.2,-76.1,53.7
1.04,0,0.714,-0.062,-0.732,-175.1,-44.1,-159.3
1.04,2,0.199,-0.969,-0.108,-96.2,-11.5,-55.9
1.04,5,0.98,-0.087,0.21,-21.4,-76.1,53.9
1.08,0,0.713,-0.063,-0.734,-175.1,-44.1,-159.3
1.08,2,0.196,-0.966,-0.11,-96.1,-11.5,-55.9
1.08,5,0.979,-0.084,0.207,-21.4,-76.1,53.9
1.118,0,0.715,-0.068,-0.736,-175.0,-44.1,-159.4
1.118,2,0.201,-0.967,-0.11,-96.1,-11.5,-55.9
1.118,5,0.98,-0.084,0.216,-21.4,-76.1,53.8
1.156,0,0.714,-0.069,-0.736,-174.9,-44.1,-159.5
1.156,2,0.208,-0.966,-0.11,-96.1,-11.5,-55.9
1.156,5,0.978,-0.087,0.204,-21.6,-76.1,54.0
1.194,0,0.719,-0.07,-0.73,-174.9,-44.1,-159.5
1.194,2,0.2,-0.969,-0.107,-96.1,-11.6,-56.0
1.194,5,0.98,-0.085,0.216,-21.7,-76.1,54.1
1.231,0,0.713,-0.069,-0.73,-174.8,-44.1,-159.6
1.231,2,0.191,-0.967,-0.107,-96.1,-11.5,-56.1
1.231,5,0.978,-0.084,0.2,-21.6,-76.1,54.0
1.269,0,0.723,-0.075,-0.745,-174.8,-44.1,-159.7
1.269,2,0.188,-0.97,-0.113,-96.1,-11.4,-56.1
1.269,5,0.977,-0.085,0.211,-21.7,-76.1,54.0
1.309,0,0.752,-0.074,-0.753,-174.8,-44.1,-159.6
1.309,2,0.196,-0.965,-0.112,-96.2,-11.4,-56.1
1.309,5,0.977,-0.085,0.209,-21.7,-76.1,54.0
1.346,0,0.748,-0.073,-0.761,-175.0,-44.0,-159.4
1.346,2,0.197,-0.968,-0.111,-96.2,-11.4,-56.1
1.346,5,0.982,-0.087,0.209,-21.8,-76.1,54.0
1.384,0,0.704,-0.068,-0.756,-175.4,-43.6,-158.9
1.384,2,0.199,-0.97,-0.111,-96.2,-11.4,-56.1
1.384,5,0.98,-0.088,0.208,-21.9,-76.1,54.1
1.422,0,0.735,-0.06,-0.765,-176.1,-42.9,-158.5
1.422,2,0.199,-0.966,-0.107,-96.2,-11.4,-56.1
1.422,5,0.976,-0.088,0.208,-22.0,-76.1,54.1
1.46,0,0.687,-0.055,-0.784,-176.8,-41.9,-157.9
1.46,2,0.193,-0.963,-0.107,-96.1,-11.4,-56.1
1.46,5,0.98,-0.088,0.213,-21.9,-76.0,54.1
1.499,0,0.694,-0.043,-0.799,-177.3,-41.8,-157.4
1.499,2,0.193,-0.968,-0.113,-96.1,-11.4,-56.1
1.499,5,0.983,-0.087,0.209,-21.8,-75.9,53.9
1.537,0,0.674,-0.036,-0.765,-177.8,-42.5,-156.9
1.537,2,0.199,-0.968,-0.113,-96.2,-11.5,-56.0
1.537,5,0.98,-0.088,0.213,-21.6,-75.9,53.7
1.575,0,0.683,-0.032,-0.726,-178.3,-43.6,-156.4
1.575,2,0.202,-0.966,-0.108,-96.2,-11.6,-55.9
1.575,5,0.977,-0.087,0.21,-21.3,-75.8,53.5
1.615,0,0.776,0.002,-0.858,-178.7,-45.3,-156.0
1.615,2,0.197,-0.967,-0.109,-96.2,-11.7,-55.8
1.615,5,0.979,-0.084,0.215,-21.0,-75.7,53.2
1.652,0,0.724,-0.019,-0.645,-178.6,-47.7,-156.0
1.652,2,0.198,-0.968,-0.11,-96.2,-11.7,-55.7
1.652,5,0.98,-0.085,0.209,-20.7,-75.7,53.0
1.691,0,0.733,-0.012,-0.582,-179.1,-49.7,-155.5
1.691,2,0.196,-0.967,-0.11,-96.2,-11.7,-55.6
1.691,5,0.976,-0.085,0.215,-20.3,-75.7,52.7
1.73,0,0.776,0.001,-0.638,-179.6,-49.5,-154.9
1.73,2,0.194,-0.97,-0.111,-96.1,-11.7,-55.5
1.73,5,0.969,-0.084,0.213,-20.1,-75.6,52.5
1.768,0,0.792,0.011,-0.7,179.9,-49.2,-154.2
1.768,2,0.195,-0.971,-0.114,-96.2,-11.8,-55.3
1.768,5,0.972,-0.089,0.21,-20.1,-75.6,52.6
1.807,0,0.767,0.02,-0.637,179.3,-49.9,-153.6
1.807,2,0.209,-0.974,-0.105,-96.2,-11.8,-55.3
1.807,5,0.976,-0.085,0.213,-20.0,-75.6,52.6
1.845,0,0.77,0.024,-0.618,178.7,-50.3,-153.1
1.845,2,0.209,-0.974,-0.108,-96.2,-11.8,-55.3
1.845,5,0.976,-0.076,0.211,-19.5,-75.7,52.2
1.883,0,0.768,0.015,-0.592,178.6,-50.8,-153.0
1.883,2,0.207,-0.97,-0.104,-96.2,-11.9,-55.4
1.883,5,0.977,-0.075,0.211,-18.8,-75.8,51.6
1.921,0,0.77,0.019,-0.612,178.5,-51.2,-152.9
1.921,2,0.21,-0.952,-0.104,-96.2,-11.9,-55.5
1.921,5,0.974,-0.076,0.223,-18.4,-75.8,51.2
1.958,0,0.779,0.016,-0.613,178.4,-51.3,-153.0
1.958,2,0.198,-0.957,-0.117,-96.3,-11.9,-55.6
1.958,5,0.978,-0.085,0.223,-18.2,-75.7,51.0
1.998,0,0.792,0.007,-0.641,178.7,-51.0,-153.3
1.998,2,0.189,-0.956,-0.128,-96.5,-11.8,-55.6
1.998,5,0.981,-0.076,0.239,-17.8,-75.6,50.6
2.036,0,0.786,0.005,-0.641,178.8,-50.8,-153.8
2.036,2,0.181,-0.956,-0.129,-96.6,-11.7,-55.5
2.036,5,0.977,-0.068,0.23,-17.0,-75.5,49.8
2.074,0,0.793,0.005,-0.649,178.9,-50.8,-154.2
2.074,2,0.183,-0.966,-0.134,-96.9,-11.5,-55.1
2.074,5,0.975,-0.069,0.229,-16.2,-75.5,49.2
2.112,0,0.798,-0.005,-0.648,179.0,-50.7,-154.6
2.112,2,0.204,-0.962,-0.142,-97.2,-11.5,-54.5
2.112,5,0.98,-0.059,0.233,-15.5,-75.4,48.7
2.15,0,0.79,0.0,-0.652,178.9,-50.5,-154.8
2.15,2,0.212,-0.982,-0.121,-97.2,-11.6,-54.0
2.15,5,0.985,-0.051,0.218,-14.5,-75.5,48.0
2.188,0,0.782,0.016,-0.648,178.6,-50.4,-154.5
2.188,2,0.14,-1.006,-0.05,-96.7,-11.4,-53.6
2.188,5,0.983,-0.046,0.243,-13.4,-75.5,47.1
2.226,0,0.8,0.038,-0.653,178.0,-50.4,-154.0
2.226,2,0.11,-1.035,0.026,-95.3,-10.5,-52.9
2.226,5,0.972,-0.051,0.236,-12.7,-75.4,46.8
2.264,0,0.781,0.045,-0.646,177.5,-50.3,-153.3
2.264,2,0.23,-1.025,0.132,-92.7,-10.2,-52.2
2.264,5,0.961,-0.019,0.239,-11.2,-75.3,45.7
2.303,0,0.776,0.047,-0.643,177.1,-50.2,-152.8
2.303,2,0.159,-1.12,0.122,-89.6,-9.3,-52.0
2.303,5,0.978,-0.033,0.228,-10.8,-75.4,45.5
2.341,0,0.776,0.06,-0.64,176.8,-50.2,-152.3
2.341,2,0.216,-1.129,0.097,-87.3,-8.8,-51.8
2.341,5,0.981,-0.044,0.234,-11.1,-75.4,46.0
2.379,0,0.779,0.071,-0.638,176.3,-50.2,-151.5
2.379,2,0.221,-1.102,0.073,-85.7,-8.6,-51.6
2.379,5,0.968,-0.053,0.244,-11.6,-75.3,46.8
2.418,0,0.778,0.078,-0.648,175.7,-50.0,-150.7
2.418,2,0.207,-1.033,0.036,-83.7,-8.6,-51.5
2.418,5,0.97,-0.057,0.231,-12.5,-75.2,48.0
2.456,0,0.782,0.066,-0.654,175.6,-49.8,-150.4
2.456,2,0.235,-1.036,0.029,-82.2,-9.1,-51.4
2.456,5,0.978,-0.057,0.226,-13.3,-75.2,49.0
2.494,0,0.782,0.049,-0.661,175.9,-49.6,-150.6
2.494,2,0.23,-1.039,0.029,-80.9,-9.8,-51.5
2.494,5,0.975,-0.065,0.236,-14.1,-75.2,50.0
2.532,0,0.775,0.025,-0.658,176.5,-49.5,-151.2
2.532,2,0.247,-1.03,0.024,-80.2,-10.9,-51.2
2.532,5,0.971,-0.065,0.232,-15.0,-75.1,51.2
2.57,0,0.784,0.003,-0.669,177.5,-49.3,-151.7
2.57,2,0.282,-0.955,0.079,-79.1,-12.4,-51.2
2.57,5,0.973,-0.061,0.232,-15.7,-75.1,52.0
2.609,0,0.786,-0.005,-0.682,178.5,-49.0,-152.4
2.609,2,0.271,-0.969,0.108,-78.0,-13.3,-51.6
2.609,5,0.975,-0.064,0.234,-16.1,-75.0,52.5
2.648,0,0.782,-0.019,-0.678,179.5,-48.9,-153.1
2.648,2,0.237,-0.943,0.198,-76.1,-14.2,-52.8
2.648,5,0.978,-0.083,0.221,-17.1,-75.1,53.7
2.685,0,0.761,-0.025,-0.677,-179.6,-48.8,-153.8
2.685,2,0.269,-0.978,0.254,-73.9,-15.0,-54.1
2.685,5,0.974,-0.086,0.223,-18.4,-75.2,54.9
2.725,0,0.765,-0.033,-0.671,-178.7,-48.7,-154.3
2.725,2,0.26,-0.967,0.306,-71.8,-15.1,-55.3
2.725,5,0.978,-0.079,0.234,-19.1,-75.2,55.4
2.763,0,0.763,-0.03,-0.672,-178.2,-48.5,-154.6
2.763,2,0.21,-0.962,0.351,-69.4,-14.8,-56.7
2.763,5,0.971,-0.092,0.224,-20.1,-75.2,56.3
2.802,0,0.785,-0.027,-0.669,-177.9,-48.5,-154.7
2.802,2,0.196,-0.939,0.371,-67.2,-14.1,-57.7
2.802,5,0.97,-0.096,0.222,-21.2,-75.2,57.5
2.842,0,0.741,-0.021,-0.664,-177.8,-48.4,-154.7
2.842,2,0.189,-0.921,0.388,-65.2,-13.2,-58.6
2.842,5,0.983,-0.081,0.233,-21.3,-75.0,57.7
2.88,0,0.748,-0.018,-0.676,-177.6,-48.2,-154.8
2.88,2,0.175,-0.897,0.379,-63.6,-12.3,-59.4
2.88,5,0.975,-0.09,0.231,-21.6,-75.0,58.0
2.92,0,0.756,-0.022,-0.695,-177.4,-47.8,-154.9
2.92,2,0.172,-0.902,0.403,-62.2,-11.5,-60.1
2.92,5,0.969,-0.101,0.224,-22.2,-74.9,58.7
2.957,0,0.771,-0.035,-0.707,-177.1,-47.4,-155.1
2.957,2,0.169,-0.865,0.467,-59.9,-10.5,-61.0
2.957,5,0.976,-0.101,0.222,-22.9,-74.8,59.3
2.996,0,0.766,-0.042,-0.714,-176.8,-47.1,-155.4
2.996,2,0.151,-0.849,0.479,-58.0,-9.9,-61.5
2.996,5,0.975,-0.1,0.237,-23.1,-74.7,59.6
3.033,0,0.741,-0.052,-0.695,-176.3,-47.1,-155.8
3.033,2,0.185,-0.812,0.519,-55.6,-9.5,-62.0
3.033,5,0.973,-0.104,0.228,-23.5,-74.6,60.0
3.071,0,0.749,-0.062,-0.69,-175.9,-47.0,-156.3
3.071,2,0.181,-0.786,0.556,-52.7,-8.8,-63.0
3.071,5,0.976,-0.108,0.234,-23.8,-74.5,60.5
3.11,0,0.763,-0.063,-0.7,-175.4,-47.0,-156.5
3.11,2,0.132,-0.753,0.619,-50.4,-7.8,-63.7
3.11,5,0.969,-0.104,0.229,-24.0,-74.5,60.7
3.148,0,0.752,-0.066,-0.701,-175.1,-46.8,-156.7
3.148,2,0.131,-0.716,0.651,-47.9,-7.4,-63.7
3.148,5,0.971,-0.105,0.234,-24.2,-74.4,61.1
3.186,0,0.751,-0.061,-0.691,-174.8,-46.9,-156.9
3.186,2,0.147,-0.716,0.653,-46.5,-7.4,-63.5
3.186,5,0.972,-0.106,0.231,-24.4,-74.4,61.3
3.225,0,0.745,-0.061,-0.682,-174.6,-47.1,-157.0
3.225,2,0.145,-0.692,0.691,-45.3,-7.4,-63.4
3.225,5,0.974,-0.105,0.233,-24.6,-74.3,61.6
3.263,0,0.748,-0.066,-0.687,-174.5,-47.0,-157.1
3.263,2,0.125,-0.672,0.724,-43.6,-7.4,-63.1
3.263,5,0.967,-0.102,0.238,-24.5,-74.3,61.6
3.301,0,0.752,-0.069,-0.694,-174.3,-46.9,-157.2
3.301,2,0.138,-0.655,0.73,-42.2,-7.8,-62.7
3.301,5,0.97,-0.109,0.237,-24.5,-74.2,61.6
3.339,0,0.75,-0.069,-0.695,-174.3,-46.9,-157.2
3.339,2,0.151,-0.641,0.73,-41.3,-8.0,-62.5
3.339,5,0.97,-0.11,0.239,-24.6,-74.1,61.8
3.378,0,0.751,-0.069,-0.691,-174.2,-47.0,-157.2
3.378,2,0.145,-0.618,0.738,-39.7,-7.7,-62.6
3.378,5,0.972,-0.105,0.24,-24.5,-74.0,61.7
3.415,0,0.748,-0.066,-0.685,-174.3,-47.0,-157.2
3.415,2,0.113,-0.59,0.768,-37.9,-7.0,-62.9
3.415,5,0.965,-0.105,0.245,-24.5,-74.0,61.8
3.455,0,0.75,-0.066,-0.691,-174.3,-47.0,-157.1
3.455,2,0.102,-0.58,0.773,-36.2,-6.5,-63.0
3.455,5,0.972,-0.115,0.234,-24.8,-73.9,62.1
3.492,0,0.751,-0.063,-0.688,-174.4,-47.0,-157.1
3.492,2,0.114,-0.553,0.81,-34.4,-6.2,-63.1
3.492,5,0.966,-0.113,0.243,-25.0,-73.9,62.2
3.53,0,0.758,-0.064,-0.696,-174.4,-47.1,-157.1
3.53,2,0.103,-0.542,0.806,-32.9,-5.6,-63.3
3.53,5,0.963,-0.106,0.252,-24.9,-73.8,62.1
3.568,0,0.751,-0.069,-0.69,-174.3,-47.1,-157.2
3.568,2,0.062,-0.51,0.835,-31.4,-4.7,-63.6
3.568,5,0.973,-0.131,0.216,-25.1,-73.8,62.3
3.606,0,0.757,-0.068,-0.687,-174.3,-47.2,-157.2
3.606,2,0.049,-0.505,0.862,-29.5,-3.9,-64.0
3.606,5,0.977,-0.129,0.243,-25.6,-73.8,62.8
3.646,0,0.75,-0.069,-0.688,-174.3,-47.2,-157.3
3.646,2,0.061,-0.451,0.855,-27.8,-3.3,-64.0
3.646,5,0.974,-0.117,0.239,-25.7,-73.8,62.9
3.684,0,0.749,-0.074,-0.688,-174.1,-47.2,-157.4
3.684,2,0.063,-0.431,0.864,-26.1,-2.9,-64.1
3.684,5,0.961,-0.116,0.233,-25.9,-73.8,63.1
3.722,0,0.756,-0.075,-0.691,-174.0,-47.2,-157.5
3.722,2,0.033,-0.411,0.881,-24.4,-2.1,-64.2
3.722,5,0.967,-0.123,0.24,-26.2,-73.7,63.4
3.762,0,0.747,-0.072,-0.688,-174.1,-47.2,-157.5
3.762,2,0.012,-0.38,0.907,-22.3,-1.0,-64.3
3.762,5,0.97,-0.123,0.233,-26.5,-73.7,63.8
3.8,0,0.749,-0.07,-0.688,-174.1,-47.2,-157.4
3.8,2,0.009,-0.348,0.922,-20.5,-0.3,-64.3
3.8,5,0.969,-0.124,0.243,-26.6,-73.7,63.9
3.84,0,0.751,-0.07,-0.686,-174.0,-47.3,-157.4
3.84,2,0.007,-0.322,0.927,-19.1,0.0,-64.2
3.84,5,0.965,-0.125,0.236,-26.8,-73.6,64.2
3.878,0,0.751,-0.072,-0.688,-174.0,-47.2,-157.4
3.878,2,0.001,-0.308,0.941,-18.2,0.2,-64.0
3.878,5,0.97,-0.127,0.245,-26.9,-73.5,64.4
3.916,0,0.751,-0.075,-0.689,-173.9,-47.2,-157.5
3.916,2,-0.0,-0.295,0.956,-17.3,0.5,-63.9
3.916,5,0.966,-0.118,0.239,-26.9,-73.5,64.4
3.954,0,0.754,-0.076,-0.692,-173.8,-47.2,-157.5
3.954,2,-0.019,-0.273,0.971,-15.9,1.0,-63.9
3.954,5,0.967,-0.126,0.242,-27.0,-73.5,64.5
3.992,0,0.749,-0.073,-0.689,-173.8,-47.2,-157.5
3.992,2,-0.023,-0.256,0.971,-14.7,1.4,-63.8
3.992,5,0.97,-0.129,0.24,-27.2,-73.4,64.7
4.03,0,0.75,-0.071,-0.688,-173.8,-47.3,-157.4
4.03,2,-0.029,-0.238,0.969,-13.4,1.8,-63.7
4.03,5,0.968,-0.129,0.246,-27.3,-73.4,64.9
4.069,0,0.755,-0.066,-0.694,-173.9,-47.3,-157.3
4.069,2,-0.041,-0.214,0.959,-12.3,2.4,-63.7
4.069,5,0.968,-0.125,0.242,-27.5,-73.3,65.1
4.108,0,0.748,-0.067,-0.69,-174.0,-47.2,-157.2
4.108,2,-0.051,-0.18,0.966,-10.8,2.8,-63.6
4.108,5,0.967,-0.127,0.246,-27.5,-73.3,65.1
4.146,0,0.749,-0.068,-0.689,-174.1,-47.3,-157.2
4.146,2,-0.054,-0.166,0.969,-9.7,3.1,-63.5
4.146,5,0.965,-0.128,0.243,-27.5,-73.2,65.2
4.184,0,0.757,-0.065,-0.691,-174.2,-47.3,-157.1
4.184,2,-0.059,-0.147,0.985,-8.7,3.4,-63.4
4.184,5,0.965,-0.131,0.247,-27.6,-73.1,65.3
4.222,0,0.752,-0.066,-0.689,-174.3,-47.3,-157.1
4.222,2,-0.062,-0.132,0.98,-7.7,3.7,-63.2
4.222,5,0.966,-0.137,0.251,-27.8,-73.0,65.5
4.26,0,0.751,-0.072,-0.686,-174.2,-47.3,-157.2
4.26,2,-0.055,-0.122,0.982,-6.8,3.9,-63.0
4.26,5,0.962,-0.135,0.246,-28.1,-73.0,65.8
4.298,0,0.755,-0.072,-0.679,-174.1,-47.4,-157.3
4.298,2,-0.06,-0.11,0.985,-6.3,4.0,-62.9
4.298,5,0.962,-0.134,0.243,-28.2,-73.0,66.0
4.336,0,0.753,-0.072,-0.675,-174.1,-47.5,-157.4
4.336,2,-0.061,-0.104,0.989,-5.8,4.1,-62.8
4.336,5,0.96,-0.135,0.251,-28.2,-72.8,66.1
4.375,0,0.76,-0.075,-0.679,-174.0,-47.6,-157.5
4.375,2,-0.066,-0.09,0.993,-5.1,4.2,-62.8
4.375,5,0.961,-0.131,0.244,-28.2,-72.8,66.1
4.413,0,0.759,-0.074,-0.679,-173.9,-47.6,-157.5
4.413,2,-0.08,-0.076,0.985,-4.5,4.3,-62.8
4.413,5,0.965,-0.134,0.266,-28.1,-72.7,66.1
4.451,0,0.759,-0.071,-0.678,-173.8,-47.7,-157.6
4.451,2,-0.066,-0.068,1.007,-3.8,4.4,-62.7
4.451,5,0.964,-0.133,0.237,-28.3,-72.7,66.3
4.488,0,0.76,-0.076,-0.678,-173.7,-47.8,-157.8
4.488,2,-0.088,-0.061,0.987,-3.3,4.6,-62.7
4.488,5,0.959,-0.136,0.26,-28.3,-72.6,66.3
4.526,0,0.757,-0.076,-0.675,-173.7,-47.8,-157.8
4.526,2,-0.068,-0.044,0.992,-2.6,4.6,-62.7
4.526,5,0.965,-0.137,0.256,-28.2,-72.5,66.3
4.564,0,0.757,-0.071,-0.68,-173.7,-47.8,-157.8
4.564,2,-0.074,-0.028,0.996,-1.9,4.6,-62.6
4.564,5,0.967,-0.139,0.251,-28.4,-72.5,66.5
4.602,0,0.761,-0.067,-0.683,-173.8,-47.8,-157.8
4.602,2,-0.091,-0.023,0.989,-1.2,4.9,-62.6
4.602,5,0.961,-0.141,0.257,-28.5,-72.4,66.6
4.64,0,0.762,-0.069,-0.684,-173.8,-47.8,-157.8
4.64,2,-0.094,-0.011,0.991,-0.5,5.1,-62.6
4.64,5,0.954,-0.141,0.259,-28.6,-72.3,66.7
4.679,0,0.759,-0.073,-0.683,-173.8,-47.8,-158.0
4.679,2,-0.096,-0.009,0.985,-0.1,5.3,-62.6
4.679,5,0.962,-0.141,0.256,-28.7,-72.2,66.8
4.717,0,0.759,-0.075,-0.684,-173.7,-47.8,-158.1
4.717,2,-0.095,0.002,0.991,0.3,5.3,-62.6
4.717,5,0.959,-0.144,0.253,-28.9,-72.2,67.0
4.756,0,0.759,-0.077,-0.682,-173.6,-47.8,-158.2
4.756,2,-0.107,0.01,0.978,0.7,5.5,-62.6
4.756,5,0.956,-0.147,0.255,-29.2,-72.1,67.3
4.793,0,0.759,-0.082,-0.68,-173.5,-47.8,-158.4
4.793,2,-0.104,0.019,1.0,1.2,5.6,-62.6
4.793,5,0.956,-0.146,0.255,-29.5,-72.1,67.5
4.832,0,0.757,-0.08,-0.678,-173.3,-47.8,-158.6
4.832,2,-0.105,0.023,0.99,1.6,5.8,-62.6
4.832,5,0.961,-0.148,0.258,-29.6,-72.1,67.7
4.872,0,0.759,-0.083,-0.677,-173.2,-47.8,-158.8
4.872,2,-0.112,0.033,0.99,2.1,6.0,-62.6
4.872,5,0.958,-0.148,0.257,-29.7,-72.0,67.8
4.91,0,0.762,-0.091,-0.675,-173.0,-47.9,-159.1
4.91,2,-0.113,0.042,0.998,2.6,6.2,-62.6
4.91,5,0.959,-0.148,0.26,-29.8,-72.0,67.9
4.948,0,0.762,-0.094,-0.674,-172.7,-47.9,-159.3
4.948,2,-0.116,0.042,0.992,2.9,6.3,-62.5
4.948,5,0.96,-0.152,0.262,-29.9,-71.9,68.1
4.987,0,0.759,-0.092,-0.673,-172.6,-47.9,-159.3
4.987,2,-0.116,0.055,0.987,3.4,6.5,-62.5
4.987,5,0.961,-0.153,0.256,-30.0,-71.9,68.2
5.025,0,0.762,-0.085,-0.672,-172.6,-48.0,-159.3
5.025,2,-0.114,0.056,0.973,3.8,6.5,-62.4
5.025,5,0.955,-0.153,0.257,-30.2,-71.8,68.4
5.063,0,0.758,-0.087,-0.672,-172.5,-48.0,-159.3
5.063,2,-0.113,0.065,0.96,4.2,6.5,-62.3
5.063,5,0.947,-0.147,0.255,-30.3,-71.8,68.5
5.101,0,0.757,-0.081,-0.672,-172.6,-48.0,-159.2
5.101,2,-0.126,0.08,0.963,4.4,6.5,-62.3
5.101,5,0.959,-0.151,0.263,-30.2,-71.8,68.5
5.139,0,0.755,-0.078,-0.673,-172.7,-48.0,-159.1
5.139,2,-0.105,0.087,0.979,4.7,6.3,-62.1
5.139,5,0.953,-0.162,0.253,-30.5,-71.7,68.8
5.181,0,0.761,-0.083,-0.674,-172.8,-47.9,-159.0
5.181,2,-0.11,0.092,0.999,5.0,6.3,-61.9
5.181,5,0.96,-0.158,0.268,-30.7,-71.7,69.0
5.219,0,0.76,-0.086,-0.676,-172.7,-47.8,-159.0
5.219,2,-0.095,0.088,1.006,5.1,6.1,-61.8
5.219,5,0.955,-0.156,0.246,-31.0,-71.8,69.3
5.257,0,0.756,-0.095,-0.68,-172.6,-47.8,-159.2
5.257,2,-0.097,0.086,1.006,5.3,5.9,-61.7
5.257,5,0.96,-0.159,0.263,-31.1,-71.7,69.4
5.296,0,0.748,-0.097,-0.677,-172.4,-47.7,-159.3
5.296,2,-0.093,0.105,1.014,5.6,5.8,-61.7
5.296,5,0.96,-0.159,0.257,-31.1,-71.7,69.5
5.334,0,0.755,-0.098,-0.685,-172.2,-47.6,-159.4
5.334,2,-0.114,0.103,1.0,5.9,5.9,-61.6
5.334,5,0.962,-0.159,0.257,-31.2,-71.7,69.7
5.373,0,0.754,-0.095,-0.691,-172.2,-47.4,-159.3
5.373,2,-0.105,0.107,1.001,6.1,5.9,-61.5
5.373,5,0.956,-0.163,0.257,-31.3,-71.7,69.8
5.411,0,0.749,-0.091,-0.69,-172.3,-47.2,-159.2
5.411,2,-0.111,0.116,0.996,6.4,6.1,-61.4
5.411,5,0.958,-0.158,0.263,-31.3,-71.6,69.9
5.449,0,0.751,-0.087,-0.691,-172.4,-47.2,-159.0
5.449,2,-0.115,0.112,0.994,6.7,6.2,-61.3
5.449,5,0.96,-0.16,0.258,-31.3,-71.6,69.9
5.488,0,0.747,-0.09,-0.69,-172.4,-47.1,-158.9
5.488,2,-0.112,0.119,0.997,7.0,6.3,-61.3
5.488,5,0.955,-0.162,0.262,-31.3,-71.6,69.9
5.526,0,0.751,-0.09,-0.694,-172.5,-47.0,-158.8
5.526,2,-0.121,0.126,0.996,7.3,6.4,-61.2
5.526,5,0.957,-0.16,0.26,-31.3,-71.6,69.9
5.564,0,0.75,-0.088,-0.693,-172.6,-46.9,-158.7
5.564,2,-0.111,0.131,0.991,7.7,6.3,-61.1
5.564,5,0.96,-0.163,0.262,-31.3,-71.5,69.9
5.604,0,0.744,-0.087,-0.693,-172.6,-46.9,-158.6
5.604,2,-0.103,0.138,0.992,8.1,6.1,-61.0
5.604,5,0.958,-0.161,0.261,-31.2,-71.5,69.8
5.641,0,0.746,-0.084,-0.693,-172.6,-46.8,-158.5
5.641,2,-0.105,0.143,0.982,8.5,6.0,-60.9
5.641,5,0.957,-0.16,0.259,-31.2,-71.5,69.8
5.68,0,0.746,-0.08,-0.691,-172.8,-46.8,-158.4
5.68,2,-0.094,0.146,0.991,8.9,5.9,-60.9
5.68,5,0.959,-0.164,0.255,-31.3,-71.5,69.8
5.718,0,0.757,-0.081,-0.695,-173.0,-46.8,-158.2
5.718,2,-0.107,0.161,0.98,9.4,6.0,-60.9
5.718,5,0.954,-0.164,0.26,-31.4,-71.5,69.9
5.757,0,0.751,-0.077,-0.698,-173.2,-46.8,-158.1
5.757,2,-0.116,0.165,0.992,9.7,6.1,-60.9
5.757,5,0.951,-0.16,0.257,-31.3,-71.5,69.9
5.796,0,0.746,-0.077,-0.694,-173.3,-46.9,-158.1
5.796,2,-0.137,0.187,0.997,10.2,6.6,-60.8
5.796,5,0.958,-0.165,0.253,-31.4,-71.4,70.0
5.835,0,0.751,-0.074,-0.691,-173.4,-46.9,-158.1
5.835,2,-0.107,0.188,1.001,10.6,6.9,-60.8
5.835,5,0.958,-0.174,0.258,-31.7,-71.4,70.3
5.872,0,0.754,-0.081,-0.685,-173.5,-47.1,-158.1
5.872,2,-0.132,0.177,0.971,10.8,7.4,-60.6
5.872,5,0.949,-0.171,0.264,-32.0,-71.3,70.6
5.911,0,0.752,-0.092,-0.681,-173.3,-47.1,-158.4
5.911,2,-0.122,0.186,0.968,11.0,7.5,-60.5
5.911,5,0.947,-0.169,0.263,-32.2,-71.2,70.9
5.948,0,0.751,-0.094,-0.676,-173.1,-47.3,-158.6
5.948,2,-0.115,0.181,0.962,11.1,7.4,-60.5
5.948,5,0.948,-0.164,0.25,-32.4,-71.3,71.1
5.987,0,0.758,-0.091,-0.677,-172.8,-47.4,-158.7
5.987,2,-0.15,0.193,0.961,11.4,7.8,-60.6
5.987,5,0.947,-0.162,0.252,-32.7,-71.4,71.5
6.025,0,0.75,-0.089,-0.673,-172.7,-47.4,-158.6
6.025,2,-0.178,0.204,0.96,11.8,8.2,-60.7
6.025,5,0.942,-0.151,0.269,-32.4,-71.4,71.3
6.063,0,0.75,-0.08,-0.677,-172.6,-47.4,-158.5
6.063,2,-0.157,0.196,0.977,12.1,8.2,-60.7
6.063,5,0.98,-0.166,0.254,-32.3,-71.5,71.3
6.104,0,0.751,-0.079,-0.689,-172.7,-47.3,-158.4
6.104,2,-0.167,0.227,0.959,12.7,8.5,-60.6
6.104,5,0.968,-0.18,0.253,-32.8,-71.5,71.8
6.142,0,0.748,-0.083,-0.68,-172.6,-47.3,-158.3
6.142,2,-0.151,0.233,0.973,13.3,8.6,-60.4
6.142,5,0.948,-0.178,0.265,-33.0,-71.3,72.1
6.179,0,0.745,-0.086,-0.685,-172.6,-47.2,-158.3
6.179,2,-0.152,0.244,0.962,13.7,8.7,-60.1
6.179,5,0.958,-0.177,0.261,-33.2,-71.2,72.3
6.22,0,0.742,-0.097,-0.689,-172.5,-47.1,-158.4
6.22,2,-0.134,0.238,0.96,14.1,8.6,-59.8
6.22,5,0.962,-0.172,0.266,-33.2,-71.1,72.4
6.258,0,0.735,-0.104,-0.688,-172.3,-46.9,-158.6
6.258,2,-0.103,0.221,0.904,14.3,8.0,-59.6
6.258,5,0.957,-0.175,0.265,-33.1,-70.9,72.4
6.297,0,0.74,-0.114,-0.694,-171.9,-46.8,-158.8
6.297,2,-0.064,0.248,0.901,14.7,7.4,-59.3
6.297,5,0.933,-0.168,0.254,-33.1,-70.8,72.5
6.335,0,0.74,-0.115,-0.706,-171.6,-46.6,-158.9
6.335,2,-0.11,0.271,0.94,14.8,7.1,-59.1
6.335,5,0.941,-0.169,0.258,-33.0,-70.8,72.5
6.373,0,0.754,-0.102,-0.709,-171.4,-46.5,-158.8
6.373,2,-0.163,0.249,0.965,14.7,7.5,-59.0
6.373,5,0.954,-0.173,0.275,-32.9,-70.7,72.4
6.413,0,0.757,-0.086,-0.701,-171.5,-46.6,-158.6
6.413,2,-0.159,0.262,1.003,14.8,7.8,-59.1
6.413,5,0.957,-0.181,0.269,-32.9,-70.6,72.4
6.452,0,0.75,-0.093,-0.698,-171.7,-46.7,-158.5
6.452,2,-0.162,0.268,0.996,15.0,8.0,-59.2
6.452,5,0.957,-0.181,0.267,-32.9,-70.6,72.5
6.49,0,0.753,-0.107,-0.692,-171.7,-46.7,-158.6
6.49,2,-0.168,0.244,0.932,15.1,8.4,-59.2
6.49,5,0.95,-0.176,0.274,-32.7,-70.6,72.4
6.529,0,0.748,-0.117,-0.688,-171.4,-46.9,-158.9
6.529,2,-0.128,0.257,0.914,15.3,8.1,-59.2
6.529,5,0.939,-0.171,0.261,-32.6,-70.5,72.2
6.568,0,0.744,-0.107,-0.685,-171.3,-46.9,-159.0
6.568,2,-0.132,0.257,0.912,15.4,7.9,-59.2
6.568,5,0.945,-0.173,0.265,-32.5,-70.5,72.2
6.605,0,0.755,-0.095,-0.686,-171.5,-47.1,-158.8
6.605,2,-0.152,0.258,0.923,15.4,8.0,-59.2
6.605,5,0.946,-0.184,0.268,-32.7,-70.5,72.3
6.643,0,0.754,-0.089,-0.683,-171.7,-47.2,-158.6
6.643,2,-0.145,0.269,0.957,15.3,8.0,-59.1
6.643,5,0.949,-0.182,0.269,-32.8,-70.4,72.4
6.681,0,0.753,-0.096,-0.682,-171.8,-47.2,-158.5
6.681,2,-0.155,0.257,0.97,15.1,8.1,-59.0
6.681,5,0.951,-0.179,0.275,-32.7,-70.4,72.3
6.718,0,0.756,-0.106,-0.683,-171.7,-47.3,-158.7
6.718,2,-0.149,0.263,0.979,15.0,8.2,-58.8
6.718,5,0.951,-0.178,0.267,-32.7,-70.4,72.3
6.756,0,0.756,-0.11,-0.679,-171.5,-47.3,-158.9
6.756,2,-0.145,0.253,0.967,14.9,8.2,-58.8
6.756,5,0.946,-0.176,0.279,-32.6,-70.4,72.1
6.794,0,0.752,-0.111,-0.674,-171.4,-47.4,-159.0
6.794,2,-0.118,0.258,0.945,14.9,7.9,-58.7
6.794,5,0.946,-0.174,0.272,-32.4,-70.3,72.0
6.834,0,0.75,-0.11,-0.671,-171.3,-47.5,-159.1
6.834,2,-0.111,0.253,0.922,14.9,7.6,-58.6
6.834,5,0.943,-0.176,0.275,-32.3,-70.3,71.9
6.872,0,0.756,-0.101,-0.675,-171.3,-47.5,-159.0
6.872,2,-0.109,0.249,0.91,14.8,7.3,-58.6
6.872,5,0.936,-0.178,0.277,-32.2,-70.2,71.8
6.911,0,0.753,-0.095,-0.674,-171.4,-47.5,-158.9
6.911,2,-0.116,0.248,0.913,14.7,7.1,-58.6
6.911,5,0.947,-0.171,0.284,-31.8,-70.1,71.3
6.948,0,0.757,-0.095,-0.682,-171.6,-47.5,-158.7
6.948,2,-0.117,0.25,0.916,14.5,7.0,-58.7
6.948,5,0.946,-0.171,0.28,-31.6,-70.1,71.0
6.987,0,0.755,-0.097,-0.684,-171.7,-47.5,-158.7
6.987,2,-0.14,0.244,0.949,14.2,7.1,-58.7
6.987,5,0.943,-0.173,0.283,-31.3,-70.1,70.6
7.026,0,0.762,-0.1,-0.688,-171.7,-47.4,-158.8
7.026,2,-0.134,0.235,0.972,13.8,7.0,-58.7
7.026,5,0.949,-0.17,0.281,-31.1,-70.2,70.3
7.065,0,0.763,-0.104,-0.687,-171.7,-47.4,-158.9
7.065,2,-0.137,0.216,0.957,13.2,7.0,-58.7
7.065,5,0.937,-0.172,0.282,-30.9,-70.2,70.0
7.102,0,0.75,-0.104,-0.682,-171.8,-47.4,-158.9
7.102,2,-0.092,0.229,0.977,12.8,6.6,-58.7
7.102,5,0.953,-0.169,0.279,-30.7,-70.3,69.6
7.144,0,0.747,-0.104,-0.682,-171.8,-47.3,-159.0
7.144,2,-0.11,0.212,0.989,12.3,6.2,-58.7
7.144,5,0.957,-0.171,0.279,-30.6,-70.4,69.4
7.182,0,0.756,-0.099,-0.687,-171.8,-47.3,-159.0
7.182,2,-0.121,0.205,0.998,11.9,6.3,-58.7
7.182,5,0.95,-0.17,0.284,-30.5,-70.4,69.1
7.22,0,0.754,-0.096,-0.688,-172.0,-47.2,-159.0
7.22,2,-0.104,0.198,0.99,11.5,6.1,-58.7
7.22,5,0.948,-0.169,0.277,-30.4,-70.4,68.9
7.258,0,0.752,-0.09,-0.687,-172.2,-47.2,-158.9
7.258,2,-0.109,0.192,0.973,11.2,5.9,-58.7
7.258,5,0.948,-0.165,0.274,-30.3,-70.4,68.8
7.296,0,0.752,-0.084,-0.684,-172.4,-47.2,-158.7
7.296,2,-0.104,0.178,0.961,10.9,5.8,-58.8
7.296,5,0.948,-0.162,0.282,-30.1,-70.5,68.5
7.337,0,0.75,-0.084,-0.687,-172.6,-47.2,-158.6
7.337,2,-0.081,0.184,0.96,10.5,5.4,-58.8
7.337,5,0.942,-0.163,0.274,-29.9,-70.5,68.2
7.375,0,0.756,-0.082,-0.687,-172.8,-47.2,-158.5
7.375,2,-0.099,0.172,0.972,10.0,5.2,-58.7
7.375,5,0.95,-0.161,0.274,-29.8,-70.6,68.0
7.413,0,0.757,-0.08,-0.688,-172.9,-47.2,-158.4
7.413,2,-0.085,0.166,0.987,9.5,4.9,-58.7
7.413,5,0.946,-0.161,0.284,-29.5,-70.6,67.7
7.451,0,0.752,-0.082,-0.688,-173.0,-47.2,-158.4
7.451,2,-0.046,0.155,0.983,9.0,4.2,-58.7
7.451,5,0.951,-0.158,0.263,-29.5,-70.8,67.6
7.49,0,0.748,-0.089,-0.685,-173.0,-47.1,-158.5
7.49,2,-0.047,0.151,1.001,8.6,3.7,-58.9
7.49,5,0.949,-0.157,0.282,-29.2,-70.9,67.2
7.529,0,0.749,-0.091,-0.684,-173.0,-47.0,-158.5
7.529,2,-0.064,0.149,0.994,8.2,3.6,-59.1
7.529,5,0.957,-0.152,0.268,-29.0,-71.0,67.1
7.567,0,0.742,-0.086,-0.686,-172.9,-47.0,-158.6
7.567,2,-0.09,0.134,0.982,7.8,3.7,-59.4
7.567,5,0.958,-0.149,0.273,-28.7,-71.1,66.8
7.606,0,0.739,-0.082,-0.691,-173.0,-46.8,-158.5
7.606,2,-0.084,0.132,0.984,7.5,3.8,-59.5
7.606,5,0.953,-0.148,0.274,-28.4,-71.1,66.4
7.645,0,0.747,-0.082,-0.698,-173.1,-46.7,-158.5
7.645,2,-0.099,0.126,0.982,7.0,3.9,-59.6
7.645,5,0.959,-0.146,0.274,-28.1,-71.2,66.0
7.683,0,0.747,-0.082,-0.7,-173.2,-46.6,-158.5
7.683,2,-0.083,0.115,0.996,6.5,4.0,-59.6
7.683,5,0.956,-0.154,0.276,-28.1,-71.2,65.9
7.722,0,0.747,-0.083,-0.7,-173.2,-46.6,-158.5
7.722,2,-0.087,0.102,0.986,5.9,4.1,-59.5
7.722,5,0.954,-0.151,0.267,-28.1,-71.3,65.9
7.762,0,0.746,-0.088,-0.701,-173.3,-46.5,-158.5
7.762,2,-0.07,0.103,1.001,5.5,4.1,-59.5
7.762,5,0.954,-0.147,0.264,-28.1,-71.4,65.8
7.8,0,0.751,-0.089,-0.701,-173.3,-46.4,-158.5
7.8,2,-0.074,0.072,1.002,4.8,4.0,-59.5
7.8,5,0.953,-0.146,0.27,-28.0,-71.5,65.6
7.838,0,0.753,-0.082,-0.699,-173.3,-46.4,-158.5
7.838,2,-0.061,0.08,0.996,4.4,3.6,-59.6
7.838,5,0.962,-0.155,0.271,-28.0,-71.5,65.5
7.876,0,0.732,-0.083,-0.7,-173.4,-46.3,-158.4
7.876,2,-0.028,0.069,1.004,4.0,2.9,-59.7
7.876,5,0.958,-0.151,0.26,-28.1,-71.6,65.7
7.914,0,0.724,-0.083,-0.702,-173.5,-46.1,-158.3
7.914,2,-0.026,0.064,1.002,3.6,2.4,-59.9
7.914,5,0.956,-0.142,0.265,-28.0,-71.7,65.5
7.952,0,0.73,-0.074,-0.707,-173.6,-45.9,-158.1
7.952,2,-0.072,0.06,0.997,3.2,2.6,-60.1
7.952,5,0.958,-0.144,0.265,-27.8,-71.7,65.4
7.99,0,0.73,-0.074,-0.706,-173.7,-45.9,-158.0
7.99,2,-0.058,0.053,0.987,2.8,2.8,-60.1
7.99,5,0.959,-0.141,0.257,-27.8,-71.9,65.3
8.027,0,0.729,-0.069,-0.706,-173.9,-45.8,-157.9
8.027,2,-0.056,0.039,0.982,2.2,2.8,-60.1
8.027,5,0.959,-0.135,0.269,-27.4,-71.9,65.0
8.068,0,0.73,-0.065,-0.706,-174.1,-45.8,-157.7
8.068,2,-0.076,0.039,0.991,1.6,3.2,-60.0
8.068,5,0.96,-0.14,0.269,-27.2,-71.9,64.8
8.106,0,0.735,-0.064,-0.708,-174.3,-45.7,-157.6
8.106,2,-0.07,0.017,0.986,1.1,3.3,-59.9
8.106,5,0.96,-0.141,0.264,-27.1,-72.0,64.6
8.145,0,0.731,-0.071,-0.709,-174.4,-45.7,-157.6
8.145,2,-0.063,0.008,0.992,0.4,3.4,-59.6
8.145,5,0.96,-0.132,0.263,-26.8,-72.0,64.4
8.183,0,0.738,-0.074,-0.71,-174.3,-45.6,-157.8
8.183,2,-0.057,-0.008,0.992,-0.5,3.3,-59.4
8.183,5,0.955,-0.137,0.259,-26.8,-72.1,64.3
8.22,0,0.736,-0.075,-0.712,-174.2,-45.6,-157.9
8.22,2,-0.046,-0.019,1.0,-1.2,3.2,-59.2
8.22,5,0.959,-0.137,0.261,-26.8,-72.1,64.2
8.26,0,0.732,-0.079,-0.71,-174.2,-45.5,-158.0
8.26,2,-0.049,-0.03,1.001,-1.8,3.1,-59.0
8.26,5,0.962,-0.137,0.257,-26.7,-72.2,64.2
8.298,0,0.733,-0.08,-0.71,-174.1,-45.4,-158.1
8.298,2,-0.038,-0.033,1.006,-2.4,2.8,-58.8
8.298,5,0.958,-0.134,0.257,-26.5,-72.3,64.0
8.336,0,0.73,-0.083,-0.711,-174.1,-45.4,-158.2
8.336,2,-0.016,-0.046,1.004,-2.9,2.2,-58.7
8.336,5,0.957,-0.135,0.262,-26.4,-72.3,63.9
8.375,0,0.729,-0.082,-0.712,-174.0,-45.3,-158.3
8.375,2,-0.001,-0.059,1.005,-3.4,1.8,-58.8
8.375,5,0.963,-0.13,0.264,-26.1,-72.3,63.7
8.413,0,0.728,-0.084,-0.711,-174.0,-45.2,-158.3
8.413,2,-0.025,-0.066,0.992,-3.9,1.6,-59.0
8.413,5,0.961,-0.125,0.259,-25.8,-72.4,63.4
8.451,0,0.725,-0.078,-0.712,-174.1,-45.1,-158.2
8.451,2,-0.036,-0.075,0.978,-4.5,1.5,-59.1
8.451,5,0.961,-0.127,0.267,-25.5,-72.4,63.2
8.488,0,0.72,-0.069,-0.714,-174.2,-45.1,-158.0
8.488,2,-0.031,-0.073,0.979,-5.0,1.3,-59.3
8.488,5,0.96,-0.123,0.261,-25.3,-72.5,62.9
8.526,0,0.722,-0.058,-0.718,-174.5,-45.1,-157.7
8.526,2,-0.035,-0.092,0.987,-5.6,1.3,-59.3
8.526,5,0.962,-0.118,0.258,-25.0,-72.6,62.7
8.565,0,0.727,-0.054,-0.722,-174.8,-45.0,-157.4
8.565,2,-0.041,-0.103,0.995,-6.3,1.5,-59.3
8.565,5,0.961,-0.123,0.264,-24.7,-72.6,62.3
8.603,0,0.725,-0.055,-0.719,-175.1,-45.0,-157.2
8.603,2,-0.041,-0.136,0.984,-7.2,1.5,-59.3
8.603,5,0.963,-0.123,0.268,-24.4,-72.6,62.1
8.641,0,0.725,-0.056,-0.718,-175.3,-45.0,-157.1
8.641,2,-0.015,-0.144,0.972,-8.1,1.2,-59.1
8.641,5,0.964,-0.121,0.275,-24.2,-72.6,61.8
8.68,0,0.715,-0.052,-0.717,-175.5,-45.0,-157.1
8.68,2,-0.009,-0.148,0.99,-8.9,0.8,-59.1
8.68,5,0.963,-0.124,0.244,-24.4,-72.7,62.0
8.718,0,0.72,-0.061,-0.719,-175.5,-44.9,-157.2
8.718,2,-0.027,-0.16,0.991,-9.6,0.8,-59.1
8.718,5,0.964,-0.124,0.25,-24.6,-72.8,62.0
8.756,0,0.727,-0.064,-0.724,-175.5,-44.9,-157.3
8.756,2,-0.033,-0.167,1.017,-10.1,1.0,-59.0
8.756,5,0.961,-0.125,0.26,-24.4,-72.9,61.9
8.794,0,0.724,-0.069,-0.72,-175.4,-44.9,-157.5
8.794,2,-0.021,-0.179,1.024,-10.8,1.0,-58.9
8.794,5,0.965,-0.123,0.255,-24.5,-72.9,61.9
8.832,0,0.725,-0.068,-0.718,-175.4,-44.9,-157.6
8.832,2,-0.01,-0.19,1.031,-11.4,0.9,-58.7
8.832,5,0.97,-0.122,0.374,-24.5,-72.9,61.9
8.871,0,0.725,-0.063,-0.715,-175.4,-45.0,-157.6
8.871,2,-0.016,-0.21,1.019,-11.9,1.0,-58.6
8.871,5,0.966,-0.113,0.259,-24.3,-72.9,61.6
8.909,0,0.725,-0.062,-0.717,-175.4,-45.0,-157.6
8.909,2,-0.011,-0.224,0.998,-12.5,0.9,-58.6
8.909,5,0.96,-0.12,0.251,-24.1,-73.0,61.5
8.947,0,0.72,-0.058,-0.711,-175.5,-45.0,-157.5
8.947,2,-0.006,-0.23,0.965,-13.0,0.7,-58.6
8.947,5,0.966,-0.12,0.254,-24.1,-73.0,61.5
8.987,0,0.718,-0.052,-0.712,-175.6,-45.0,-157.3
8.987,2,0.004,-0.248,0.951,-13.8,0.3,-58.7
8.987,5,0.97,-0.114,0.25,-24.1,-73.1,61.5
9.025,0,0.715,-0.045,-0.714,-175.8,-45.0,-157.1
9.025,2,-0.0,-0.25,0.927,-14.3,0.0,-58.7
9.025,5,0.963,-0.113,0.256,-23.9,-73.1,61.3
9.065,0,0.723,-0.034,-0.718,-176.1,-45.0,-156.8
9.065,2,-0.007,-0.26,0.92,-15.1,-0.1,-58.8
9.065,5,0.963,-0.119,0.253,-24.0,-73.1,61.4
9.104,0,0.728,-0.034,-0.723,-176.4,-45.0,-156.6
9.104,2,0.021,-0.279,0.904,-16.0,-0.6,-58.7
9.104,5,0.966,-0.117,0.258,-24.1,-73.0,61.5
9.141,0,0.725,-0.037,-0.722,-176.5,-45.0,-156.5
9.141,2,0.026,-0.29,0.894,-17.2,-1.1,-58.7
9.141,5,0.96,-0.113,0.256,-24.1,-73.0,61.5
9.18,0,0.722,-0.033,-0.723,-176.6,-45.0,-156.4
9.18,2,0.043,-0.304,0.905,-18.4,-1.6,-58.7
9.18,5,0.961,-0.119,0.254,-24.2,-73.0,61.6
9.218,0,0.723,-0.02,-0.728,-176.8,-44.9,-156.4
9.218,2,0.021,-0.316,0.924,-19.6,-1.6,-58.9
9.218,5,0.964,-0.114,0.251,-24.3,-73.1,61.7
9.256,0,0.732,-0.035,-0.729,-176.8,-44.8,-156.6
9.256,2,0.007,-0.34,0.947,-20.7,-1.5,-59.2
9.256,5,0.965,-0.112,0.254,-24.1,-73.1,61.6
9.297,0,0.729,-0.065,-0.723,-176.3,-44.8,-157.3
9.297,2,0.005,-0.365,0.966,-21.7,-1.4,-59.4
9.297,5,0.968,-0.112,0.255,-24.0,-73.2,61.6
9.335,0,0.716,-0.087,-0.717,-175.6,-44.7,-158.2
9.335,2,0.02,-0.381,0.97,-22.4,-1.5,-59.5
9.335,5,0.97,-0.111,0.252,-23.9,-73.2,61.4
9.374,0,0.709,-0.094,-0.713,-174.9,-44.6,-159.0
9.374,2,0.003,-0.4,0.952,-23.4,-1.3,-59.7
9.374,5,0.967,-0.106,0.25,-23.7,-73.3,61.3
9.412,0,0.709,-0.085,-0.715,-174.5,-44.5,-159.4
9.412,2,0.004,-0.413,0.942,-24.4,-1.2,-59.9
9.412,5,0.965,-0.111,0.25,-23.6,-73.3,61.1
9.45,0,0.711,-0.077,-0.72,-174.5,-44.5,-159.5
9.45,2,0.002,-0.443,0.914,-25.6,-1.0,-59.9
9.45,5,0.969,-0.114,0.248,-23.6,-73.3,61.0
9.49,0,0.715,-0.066,-0.723,-174.5,-44.5,-159.4
9.49,2,0.045,-0.453,0.88,-26.8,-1.3,-59.9
9.49,5,0.964,-0.112,0.256,-23.6,-73.3,61.0
9.528,0,0.72,-0.058,-0.724,-174.7,-44.5,-159.3
9.528,2,0.021,-0.456,0.87,-28.0,-1.3,-60.0
9.528,5,0.962,-0.115,0.251,-23.7,-73.3,61.1
9.566,0,0.721,-0.053,-0.725,-174.9,-44.6,-159.1
9.566,2,0.018,-0.484,0.857,-29.0,-1.4,-59.9
9.566,5,0.969,-0.117,0.247,-23.9,-73.3,61.3
9.604,0,0.716,-0.057,-0.723,-175.0,-44.6,-159.1
9.604,2,0.046,-0.499,0.858,-30.2,-1.7,-59.8
9.604,5,0.967,-0.111,0.251,-23.8,-73.3,61.2
9.642,0,0.723,-0.067,-0.726,-175.0,-44.6,-159.2
9.642,2,0.036,-0.521,0.846,-31.5,-2.0,-59.8
9.642,5,0.963,-0.112,0.24,-23.9,-73.4,61.3
9.681,0,0.72,-0.07,-0.723,-175.0,-44.6,-159.3
9.681,2,0.043,-0.543,0.837,-32.9,-2.3,-59.8
9.681,5,0.966,-0.109,0.254,-23.7,-73.4,61.2
9.719,0,0.716,-0.069,-0.723,-175.0,-44.5,-159.4
9.719,2,0.02,-0.562,0.828,-34.4,-2.5,-59.6
9.719,5,0.968,-0.11,0.243,-23.6,-73.4,61.0
9.758,0,0.712,-0.067,-0.72,-175.0,-44.5,-159.3
9.758,2,0.034,-0.575,0.809,-35.5,-3.1,-59.2
9.758,5,0.962,-0.116,0.249,-23.6,-73.4,61.1
9.797,0,0.712,-0.064,-0.722,-175.1,-44.4,-159.2
9.797,2,0.154,-0.601,0.815,-36.9,-5.2,-58.1
9.797,5,0.969,-0.111,0.245,-23.6,-73.4,61.1
9.835,0,0.714,-0.066,-0.731,-175.1,-44.3,-159.2
9.835,2,0.151,-0.617,0.798,-38.0,-6.5,-57.6
9.835,5,0.97,-0.102,0.251,-23.3,-73.5,60.9
9.874,0,0.72,-0.057,-0.736,-175.2,-44.3,-159.0
9.874,2,0.111,-0.64,0.784,-39.6,-7.1,-57.4
9.874,5,0.964,-0.103,0.255,-23.0,-73.5,60.7
9.912,0,0.721,-0.042,-0.733,-175.5,-44.3,-158.6
9.912,2,0.12,-0.656,0.789,-41.0,-7.6,-57.2
9.912,5,0.965,-0.107,0.247,-22.9,-73.5,60.6
9.95,0,0.709,-0.042,-0.727,-175.9,-44.3,-158.3
9.95,2,0.118,-0.669,0.772,-42.2,-7.7,-57.1
9.95,5,0.965,-0.103,0.249,-22.7,-73.5,60.4
9.989,0,0.71,-0.042,-0.728,-176.1,-44.3,-158.1
9.989,2,0.114,-0.705,0.746,-43.6,-7.7,-56.8
9.989,5,0.969,-0.099,0.254,-22.3,-73.5,60.1
10.028,0,0.718,-0.041,-0.73,-176.2,-44.3,-157.9
10.028,2,0.124,-0.703,0.722,-45.6,-8.1,-56.1
10.028,5,0.967,-0.099,0.254,-22.0,-73.5,59.8
10.066,0,0.721,-0.041,-0.73,-176.3,-44.3,-157.9
10.066,2,0.165,-0.734,0.694,-47.6,-8.7,-55.5
10.066,5,0.963,-0.103,0.25,-21.8,-73.5,59.6
10.105,0,0.722,-0.048,-0.727,-176.4,-44.4,-157.9
10.105,2,0.151,-0.767,0.646,-49.1,-8.8,-55.2
10.105,5,0.965,-0.104,0.254,-21.7,-73.5,59.4
10.143,0,0.719,-0.046,-0.725,-176.4,-44.4,-157.9
10.143,2,0.211,-0.786,0.545,-51.8,-9.9,-54.4
10.143,5,0.969,-0.101,0.258,-21.6,-73.5,59.2
10.182,0,0.718,-0.035,-0.722,-176.5,-44.5,-157.8
10.182,2,0.157,-0.789,0.506,-55.1,-10.9,-53.4
10.182,5,0.974,-0.106,0.25,-21.8,-73.5,59.3
10.22,0,0.713,-0.032,-0.719,-176.6,-44.5,-157.8
10.22,2,0.199,-0.819,0.487,-58.1,-12.0,-51.9
10.22,5,0.966,-0.108,0.247,-22.0,-73.6,59.6
10.258,0,0.705,-0.041,-0.72,-176.5,-44.5,-158.1
10.258,2,0.259,-0.841,0.478,-61.3,-13.5,-49.8
10.258,5,0.968,-0.095,0.249,-21.9,-73.6,59.4
10.297,0,0.718,-0.054,-0.729,-176.3,-44.4,-158.5
10.297,2,0.216,-0.859,0.502,-63.1,-13.6,-48.8
10.297,5,0.967,-0.098,0.245,-21.8,-73.7,59.3
10.335,0,0.723,-0.067,-0.727,-176.0,-44.4,-158.8
10.335,2,0.19,-0.9,0.476,-64.0,-13.3,-48.3
10.335,5,0.965,-0.095,0.261,-21.5,-73.6,58.9
10.372,0,0.719,-0.066,-0.726,-175.8,-44.5,-159.1
10.372,2,0.219,-0.919,0.467,-65.8,-13.1,-46.9
10.372,5,0.966,-0.096,0.242,-21.5,-73.7,58.9
10.41,0,0.71,-0.06,-0.723,-175.6,-44.4,-159.3
10.41,2,0.25,-0.921,0.415,-67.3,-13.4,-45.5
10.41,5,0.967,-0.098,0.247,-21.5,-73.7,58.8
10.448,0,0.708,-0.054,-0.726,-175.6,-44.4,-159.4
10.448,2,0.216,-0.922,0.4,-68.3,-13.1,-44.6
10.448,5,0.971,-0.101,0.248,-21.6,-73.7,58.8
10.486,0,0.715,-0.046,-0.73,-175.6,-44.3,-159.4
10.486,2,0.243,-0.927,0.365,-69.4,-13.1,-43.7
10.486,5,0.967,-0.11,0.248,-21.9,-73.7,59.0
10.525,0,0.713,-0.054,-0.73,-175.7,-44.3,-159.5
10.525,2,0.241,-0.927,0.328,-70.3,-13.2,-42.8
10.525,5,0.969,-0.108,0.242,-22.3,-73.7,59.3
10.563,0,0.712,-0.063,-0.731,-175.5,-44.2,-159.7
10.563,2,0.258,-0.942,0.296,-71.3,-13.3,-42.2
10.563,5,0.969,-0.102,0.25,-22.2,-73.7,59.2
10.603,0,0.712,-0.068,-0.729,-175.3,-44.2,-159.9
10.603,2,0.23,-0.928,0.28,-72.3,-13.4,-41.2
10.603,5,0.971,-0.099,0.248,-22.1,-73.7,59.1
10.641,0,0.715,-0.069,-0.728,-175.2,-44.2,-160.0
10.641,2,0.243,-0.937,0.282,-73.0,-13.4,-40.4
10.641,5,0.968,-0.102,0.24,-22.1,-73.7,59.1
10.679,0,0.713,-0.075,-0.724,-175.0,-44.2,-160.2
10.679,2,0.246,-0.948,0.264,-73.8,-13.4,-39.4
10.679,5,0.966,-0.095,0.248,-22.1,-73.8,59.1
10.717,0,0.709,-0.074,-0.723,-174.9,-44.2,-160.1
10.717,2,0.252,-0.947,0.248,-74.7,-13.5,-38.5
10.717,5,0.973,-0.098,0.251,-21.9,-73.7,58.9
10.755,0,0.712,-0.062,-0.725,-174.9,-44.3,-159.9
10.755,2,0.236,-0.945,0.244,-75.3,-13.5,-38.0
10.755,5,0.969,-0.1,0.248,-21.8,-73.7,58.9
10.793,0,0.716,-0.056,-0.727,-175.1,-44.3,-159.7
10.793,2,0.215,-0.946,0.244,-76.0,-13.2,-37.6
10.793,5,0.965,-0.101,0.248,-21.8,-73.7,58.8
10.833,0,0.721,-0.053,-0.73,-175.2,-44.3,-159.5
10.833,2,0.235,-0.956,0.236,-76.4,-13.2,-37.4
10.833,5,0.969,-0.106,0.245,-21.9,-73.7,58.9
10.872,0,0.717,-0.054,-0.727,-175.3,-44.4,-159.3
10.872,2,0.247,-0.96,0.221,-76.9,-13.3,-37.0
10.872,5,0.967,-0.104,0.247,-22.0,-73.7,59.1
10.912,0,0.716,-0.061,-0.723,-175.3,-44.4,-159.2
10.912,2,0.213,-0.957,0.222,-77.2,-13.3,-36.8
10.912,5,0.968,-0.099,0.249,-21.9,-73.7,59.0
10.95,0,0.722,-0.063,-0.722,-175.3,-44.5,-159.1
10.95,2,0.209,-0.96,0.241,-77.3,-12.8,-36.7
10.95,5,0.968,-0.099,0.249,-21.8,-73.7,58.9
10.988,0,0.716,-0.063,-0.719,-175.3,-44.6,-159.0
10.988,2,0.246,-0.956,0.229,-77.4,-12.9,-36.1
10.988,5,0.967,-0.1,0.251,-21.7,-73.7,58.8
11.028,0,0.718,-0.058,-0.721,-175.4,-44.6,-158.9
11.028,2,0.268,-0.963,0.188,-77.6,-13.3,-35.9
11.028,5,0.969,-0.102,0.249,-21.7,-73.7,58.8
11.066,0,0.72,-0.052,-0.722,-175.6,-44.6,-158.6
11.066,2,0.237,-0.957,0.165,-78.1,-13.3,-36.4
11.066,5,0.965,-0.101,0.261,-21.6,-73.6,58.7
11.104,0,0.73,-0.045,-0.723,-175.7,-44.7,-158.4
11.104,2,0.199,-0.938,0.168,-78.4,-13.1,-36.7
11.104,5,0.968,-0.107,0.235,-21.9,-73.7,59.0
11.142,0,0.718,-0.04,-0.716,-175.9,-44.8,-158.2
11.142,2,0.239,-0.955,0.14,-79.1,-13.1,-36.8
11.142,5,0.965,-0.108,0.246,-22.2,-73.7,59.2
11.18,0,0.71,-0.037,-0.713,-176.1,-44.8,-158.1
11.18,2,0.219,-0.933,0.163,-79.7,-13.1,-36.7
11.18,5,0.964,-0.102,0.246,-22.2,-73.7,59.3
11.22,0,0.722,-0.038,-0.715,-176.2,-44.8,-158.2
11.22,2,0.25,-0.956,0.155,-80.0,-13.2,-36.5
11.22,5,0.964,-0.106,0.25,-22.2,-73.7,59.3
11.258,0,0.726,-0.059,-0.718,-176.1,-44.9,-158.5
11.258,2,0.224,-0.965,0.165,-80.5,-13.2,-36.6
11.258,5,0.972,-0.105,0.249,-22.2,-73.7,59.3
11.296,0,0.721,-0.068,-0.717,-176.0,-44.8,-158.8
11.296,2,0.207,-0.957,0.161,-80.8,-13.0,-36.8
11.296,5,0.969,-0.095,0.259,-21.9,-73.6,59.0
11.335,0,0.723,-0.069,-0.717,-175.8,-44.9,-159.2
11.335,2,0.225,-0.975,0.163,-80.9,-12.9,-36.8
11.335,5,0.964,-0.099,0.249,-21.7,-73.6,58.8
11.373,0,0.719,-0.065,-0.717,-175.6,-44.9,-159.3
11.373,2,0.248,-0.976,0.13,-81.3,-13.3,-36.8
11.373,5,0.971,-0.105,0.247,-21.8,-73.7,58.9
11.411,0,0.719,-0.057,-0.719,-175.6,-44.8,-159.5
11.411,2,0.196,-0.968,0.133,-81.8,-13.3,-37.0
11.411,5,0.97,-0.104,0.248,-22.0,-73.7,59.0
11.449,0,0.723,-0.051,-0.722,-175.7,-44.8,-159.5
11.449,2,0.214,-0.974,0.158,-82.1,-13.3,-37.2
11.449,5,0.967,-0.103,0.248,-22.0,-73.7,59.0
11.487,0,0.717,-0.05,-0.721,-175.7,-44.8,-159.6
11.487,2,0.226,-0.949,0.168,-82.0,-13.6,-36.8
11.487,5,0.966,-0.099,0.245,-22.0,-73.8,59.0
11.525,0,0.717,-0.052,-0.724,-175.7,-44.7,-159.6
11.525,2,0.209,-0.957,0.147,-82.0,-13.7,-36.2
11.525,5,0.969,-0.1,0.247,-22.0,-73.8,59.0
11.564,0,0.72,-0.058,-0.728,-175.7,-44.7,-159.8
11.564,2,0.285,-0.964,0.104,-82.4,-14.0,-35.8
11.564,5,0.971,-0.103,0.244,-22.0,-73.8,59.0
11.601,0,0.719,-0.064,-0.728,-175.6,-44.7,-160.0
11.601,2,0.261,-0.98,0.128,-82.7,-14.4,-36.0
11.601,5,0.971,-0.104,0.243,-22.2,-73.9,59.2
11.64,0,0.72,-0.063,-0.726,-175.6,-44.6,-160.1
11.64,2,0.199,-0.971,0.121,-82.9,-13.9,-36.5
11.64,5,0.969,-0.101,0.246,-22.2,-73.9,59.2
11.678,0,0.72,-0.056,-0.723,-175.6,-44.6,-160.1
11.678,2,0.237,-0.955,0.125,-83.1,-13.8,-36.4
11.678,5,0.969,-0.102,0.236,-22.3,-74.0,59.2
11.716,0,0.714,-0.053,-0.72,-175.6,-44.6,-160.1
11.716,2,0.237,-0.954,0.093,-83.5,-13.9,-36.0
11.716,5,0.97,-0.103,0.24,-22.3,-74.0,59.3
11.754,0,0.712,-0.053,-0.72,-175.6,-44.6,-160.1
11.754,2,0.26,-0.954,0.099,-83.7,-14.1,-35.4
11.754,5,0.97,-0.105,0.23,-22.6,-74.1,59.5
11.793,0,0.718,-0.057,-0.719,-175.6,-44.6,-160.2
11.793,2,0.26,-0.967,0.101,-83.9,-14.3,-35.5
11.793,5,0.97,-0.101,0.243,-22.5,-74.1,59.5
11.832,0,0.715,-0.061,-0.722,-175.5,-44.6,-160.3
11.832,2,0.241,-0.966,0.102,-84.0,-14.2,-35.5
11.832,5,0.972,-0.097,0.235,-22.3,-74.1,59.4
11.87,0,0.717,-0.064,-0.724,-175.4,-44.6,-160.4
11.87,2,0.245,-0.963,0.097,-84.1,-14.2,-35.4
11.87,5,0.968,-0.1,0.24,-22.3,-74.2,59.4
11.908,0,0.719,-0.063,-0.727,-175.3,-44.6,-160.4
11.908,2,0.247,-0.962,0.084,-84.2,-14.2,-35.2
11.908,5,0.972,-0.1,0.237,-22.2,-74.2,59.4
11.946,0,0.717,-0.062,-0.726,-175.3,-44.6,-160.3
11.946,2,0.248,-0.964,0.085,-84.4,-14.3,-35.1
11.946,5,0.974,-0.099,0.241,-22.1,-74.2,59.3
11.984,0,0.713,-0.057,-0.726,-175.4,-44.5,-160.2
11.984,2,0.244,-0.969,0.09,-84.4,-14.3,-35.1
11.984,5,0.971,-0.1,0.238,-22.1,-74.2,59.3
12.022,0,0.716,-0.052,-0.725,-175.5,-44.5,-160.1
12.022,2,0.256,-0.966,0.044,-84.7,-14.3,-34.9
12.022,5,0.971,-0.098,0.242,-22.0,-74.2,59.3
12.062,0,0.718,-0.05,-0.724,-175.6,-44.6,-160.0
12.062,2,0.239,-0.958,0.018,-85.5,-14.4,-34.7
12.062,5,0.971,-0.096,0.241,-21.9,-74.2,59.2
12.1,0,0.72,-0.049,-0.725,-175.7,-44.6,-159.8
12.1,2,0.247,-0.946,0.037,-86.1,-14.5,-34.2
12.1,5,0.969,-0.098,0.239,-21.8,-74.2,59.1
12.138,0,0.728,-0.047,-0.723,-175.8,-44.7,-159.7
12.138,2,0.262,-0.951,0.073,-86.3,-14.7,-33.9
12.138,5,0.968,-0.097,0.239,-21.8,-74.2,59.1
12.176,0,0.717,-0.046,-0.721,-175.9,-44.7,-159.7
12.176,2,0.264,-0.957,0.075,-86.4,-14.8,-33.6
12.176,5,0.972,-0.094,0.243,-21.6,-74.2,58.9
12.214,0,0.714,-0.048,-0.721,-175.8,-44.7,-159.7
12.214,2,0.266,-0.968,0.08,-86.4,-14.9,-33.5
12.214,5,0.972,-0.093,0.239,-21.5,-74.2,58.8
12.253,0,0.718,-0.056,-0.719,-175.7,-44.8,-159.8
12.253,2,0.26,-0.976,0.092,-86.2,-14.9,-33.6
12.253,5,0.97,-0.094,0.24,-21.4,-74.2,58.7
12.291,0,0.724,-0.063,-0.722,-175.6,-44.9,-160.0
12.291,2,0.262,-0.978,0.07,-86.2,-14.9,-33.8
12.291,5,0.97,-0.096,0.24,-21.3,-74.2,58.7
12.328,0,0.723,-0.067,-0.713,-175.3,-45.1,-160.2
12.328,2,0.245,-0.96,0.045,-86.3,-14.8,-33.8
12.328,5,0.971,-0.098,0.24,-21.4,-74.2,58.7
12.367,0,0.728,-0.065,-0.712,-175.1,-45.3,-160.3
12.367,2,0.274,-0.952,0.015,-86.7,-15.1,-33.7
12.367,5,0.969,-0.098,0.24,-21.4,-74.2,58.7
12.405,0,0.74,-0.063,-0.694,-174.5,-46.0,-160.5
12.405,2,0.263,-0.942,0.032,-87.0,-15.3,-33.7
12.405,5,0.969,-0.097,0.236,-21.4,-74.2,58.8
12.444,0,0.74,-0.068,-0.685,-174.2,-46.4,-160.6
12.444,2,0.249,-0.968,0.062,-86.9,-15.2,-33.9
12.444,5,0.971,-0.094,0.244,-21.3,-74.2,58.6
12.482,0,0.74,-0.072,-0.704,-174.2,-46.4,-160.6
12.482,2,0.247,-0.971,0.064,-86.9,-15.0,-34.0
12.482,5,0.971,-0.097,0.237,-21.4,-74.2,58.7
12.519,0,0.747,-0.076,-0.7,-174.2,-46.5,-160.7
12.519,2,0.261,-0.965,0.042,-86.9,-15.0,-34.0
12.519,5,0.97,-0.097,0.239,-21.3,-74.2,58.7
12.557,0,0.741,-0.074,-0.696,-174.1,-46.5,-160.7
12.557,2,0.263,-0.957,0.025,-87.2,-15.1,-34.0
12.557,5,0.971,-0.093,0.243,-21.2,-74.2,58.6
12.596,0,0.738,-0.07,-0.697,-174.1,-46.5,-160.7
12.596,2,0.262,-0.946,0.016,-87.7,-15.2,-33.8
12.596,5,0.971,-0.093,0.239,-21.2,-74.2,58.6
12.634,0,0.74,-0.068,-0.698,-174.1,-46.6,-160.7
12.634,2,0.264,-0.961,0.038,-87.8,-15.2,-33.8
12.634,5,0.971,-0.092,0.243,-21.0,-74.2,58.4
12.675,0,0.745,-0.071,-0.7,-174.1,-46.6,-160.7
12.675,2,0.261,-0.972,0.058,-87.7,-15.1,-33.8
12.675,5,0.975,-0.092,0.242,-20.9,-74.2,58.3
12.713,0,0.746,-0.072,-0.7,-174.1,-46.7,-160.7
12.713,2,0.265,-0.969,0.048,-87.6,-15.1,-33.8
12.713,5,0.968,-0.093,0.246,-20.7,-74.2,58.1
12.752,0,0.747,-0.073,-0.697,-174.1,-46.7,-160.7
12.752,2,0.27,-0.954,0.028,-87.5,-15.2,-33.8
12.752,5,0.967,-0.09,0.249,-20.5,-74.1,57.9
12.79,0,0.749,-0.07,-0.696,-174.1,-46.8,-160.7
12.79,2,0.27,-0.953,0.019,-87.7,-15.3,-33.9
12.79,5,0.972,-0.09,0.248,-20.2,-74.1,57.6
12.828,0,0.751,-0.07,-0.695,-174.2,-46.9,-160.8
12.828,2,0.267,-0.958,0.019,-87.8,-15.4,-33.9
12.828,5,0.97,-0.092,0.247,-20.1,-74.1,57.4
12.868,0,0.751,-0.071,-0.689,-174.2,-47.0,-160.8
12.868,2,0.268,-0.96,0.028,-87.9,-15.4,-33.9
12.868,5,0.969,-0.09,0.239,-19.9,-74.1,57.3
12.906,0,0.753,-0.075,-0.687,-174.1,-47.2,-160.9
12.906,2,0.264,-0.959,0.032,-87.9,-15.4,-34.0
12.906,5,0.969,-0.091,0.244,-19.9,-74.1,57.3
12.944,0,0.753,-0.075,-0.684,-174.1,-47.3,-161.0
12.944,2,0.258,-0.96,0.033,-87.9,-15.3,-34.1
12.944,5,0.97,-0.088,0.241,-19.8,-74.2,57.1
12.982,0,0.753,-0.075,-0.682,-174.1,-47.4,-161.0
12.982,2,0.258,-0.961,0.029,-87.9,-15.3,-34.1
12.982,5,0.97,-0.088,0.24,-19.7,-74.2,57.0
13.02,0,0.757,-0.074,-0.682,-174.0,-47.5,-161.1
13.02,2,0.265,-0.959,0.027,-87.9,-15.3,-34.1
13.02,5,0.968,-0.089,0.24,-19.6,-74.2,57.0
13.061,0,0.757,-0.071,-0.682,-174.1,-47.5,-161.0
13.061,2,0.267,-0.952,0.032,-87.8,-15.3,-34.2
13.061,5,0.966,-0.089,0.243,-19.5,-74.2,56.8
13.099,0,0.755,-0.065,-0.683,-174.2,-47.6,-160.9
13.099,2,0.272,-0.964,0.015,-87.9,-15.3,-34.2
13.099,5,0.971,-0.086,0.24,-19.4,-74.3,56.7
13.137,0,0.759,-0.063,-0.689,-174.4,-47.5,-160.8
13.137,2,0.234,-0.974,0.047,-87.8,-15.1,-34.4
13.137,5,0.973,-0.085,0.239,-19.4,-74.3,56.7
13.176,0,0.765,-0.063,-0.692,-174.6,-47.5,-160.7
13.176,2,0.262,-0.961,0.034,-87.7,-15.0,-34.3
13.176,5,0.97,-0.084,0.251,-19.2,-74.3,56.6
13.214,0,0.748,-0.065,-0.691,-174.8,-47.3,-160.6
13.214,2,0.264,-0.959,0.019,-87.8,-15.0,-34.2
13.214,5,0.972,-0.086,0.243,-19.2,-74.3,56.6
13.252,0,0.747,-0.06,-0.689,-175.0,-47.2,-160.5
13.252,2,0.259,-0.958,0.018,-88.0,-15.0,-34.2
13.252,5,0.974,-0.082,0.249,-18.9,-74.3,56.4
